username,salt,salty_hash
user01,83933b4de6044bba8e8c9801cd76f34c,f1cd5a8abb1153e33c4617cf6cb26a2b08762656b4fed2983be822a739f7ed50
user02,299868405b1fd68d627387e1deac4cad,e1cf2ca5dbf396c4973877bcbdf9121c5d57c47e9b94f21c7aec912c9a37c675
user03,849f72b971da3c96f43120883d3b3a1b,b74a3e080b93596db885c740b8baac32fd0c42ce6e6aee6fe74665bf4c5a45a7
user04,68a9d6dce2d63d091d0307622208d283,02e1ef3ccdeb98e5cdd0e9f5688ff5a9002c59f2f67cb8f62ec0d0d2aa8dc7b4
user05,1c37838cb3e590c3c237db21f36b8f95,b486d7226e5ca706eab20e29b783b0173090396d47822e39b03b6b5d87cf5db5
user06,9444273456e1d279ea346dc1baa155d0,fa66cfb026e7c1e68cb9a75a0ab430e62dbcfdfbdd54d6d67dda6fc122dc8b68
user07,e12f28c953d122b432698e2a7101df07,fde8009997bd7ac9372c6efe5f2871c96e64c21e8e531760d39eb9c8cc206c6a
user08,0b9b9ddba13bfc967574d8bd01816c50,ec0238d53eaa5b0de14c44163e76fd1c5d682cc7c8927728dba38c1c84125871
user09,6a632e50dacc6f42e0946b48f26b0f48,e0e4b5f9260b3957eaf59953d258bd33caf2766e280e1a8b4ca8f5e409c67864
user10,0808b084fea36883841e7fb0ec2f0851,fa1b0f3f3b56bc9eaf3c27767722adad3efb838c0fb75820fc30e228d540e22a
user11,d808d15cfc563ae54c8a8151050c0094,6a8e1dfef74752dd5d3a59ab1c39039b4d75b860930703842142ef153112d0f8
user12,056bc81c0fcc2e802660edb440345a30,e296c7709d2fea0699e4ce17382a7cd223b91c46a7b4d271b48973af4cf4b376
user13,c80f0a7d08fc3ad2c2c175bebb4e1f62,16cbd9f5622ea434eff214519946fd5ccc9f807cb9c5ce06deba62d6064bde02
user14,b8df4001bb86912589720e269e98a63f,908eaa6175e7b16e014e6d0b586221816e21585ebb68bf01fe8a8f9f6b798590
user15,2cf9b55dd2b482a27ffbaf390498dc3a,0eaae772eb924282e9f045ad1d41748b2511fc7a430c033fcc98e92a2167dbd3
user16,f2a49d3438fcbfb21f44e40db9c49b96,21014c066476e992424f0fc8451f5a6334d9d842c5d75ce46386767bd29dc0ba
user17,265c9a21c97abe5a00e4a3a1bdddcc01,4ef0295aace2be61e96735f5dd544978c374ea19036b092cf217e171ca9a9c14
user18,44cdb0049adec6c4f7766432f064b739,6fc8ec2bbfd55be8c2017512a07df1ae7962a399b082b040670bb905c6f9dd04
user19,d0664a99c07403c9e5cb1cb3be589b30,2fde26f05ec12719a8198343d4c745d57d10a6bc814d4db7ecaf7bf9eba1c969
user20,e143b14a7f866d493bc476b6a27ad815,ffd04d7f536545f183b811e13f755892a32b0203ae49763f8adea509f8ff02dc
user21,3448fbb42e93e4e2177665ad720e40c1,b496fb7c320c65a73ba6db5b5d4fd16e83954d59e8fe982ced8f4ea6203188b8
user22,6725198073361a02c03282ec2923c385,6d57abbb4555b833ca6a55473ac56768bebfbf8876328fedb050a66e31f82cd0
user23,7368375e470a11035a5fa561c74708be,ca5b9fdcc75918717e8602a8f167273293bc61761d9f26623711c3c9cb8c7fed
user24,835b530cf0a39889b1d2b6f3a4e64147,8afa98239b299a3156af8c96d1862d33d49ac9cc1d5173d1e2b190978944a408
user25,5fd1c020eaaaddeeeccf6c68517f7a08,7c4149d87134d396f847cea54f17503fc4411d4041eb6f4a860f99d7350c2723
user26,1e5786a22ecd711ccc1fd2fa23efc6dd,e408fd47f6e864a0b128e7ca723c6f7ffc173e7bbf4acb612ceb8d4149cb123c
user27,fa23ff708585dd78126b4cafd931e5ac,0ecc04c638126d9309b93e6cb825e9d63eed0ddd7c920fe1fa17305bfa0c098b
user28,22b43a69b51cd42e1a4366ab79449ed8,2f52d5bfd26c65f759b7346ad0ea774433613950baaa16d34462f824523d0aa0
user29,c31aad9670f8c162d86a83f4a15025cf,3a2b296fda0e0b6832eaf29e800301a6ac13e721665843ae3aa35e9aea18c08f
user30,ebfe1cecd9433ebc31aae4d16e58b26e,29952cd2286b36ca024ca1ef138b0e2db34848c61988b3e346800ed6d5d57de9
user31,5dfa0c2201aa5c081f99a16375a0abe5,460d679b80e21e9dfdb3d29305571677ab70a52f501a48f3aae14273557da42b
user32,02c5d6e39af0ac6d984562f1db3dc791,8456b965551a5d182419c0bcad03ea2f4222ba330bd9a8af97efba19712c0da5
user33,aec4f345477751b6498747c6277f9528,fd6d6df3bd211c4b8fb1506cb42a8ac9e3a0327d3279f0359ef1fc5a23aba72c
user34,4a74e7ff29e1492547625d84211ca974,5cbbcfd3f565fc52c821260ae3b789004887764689089b57ed6ac9d0124ed5ea
user35,5dd02c889f1143da5a7a8763b6582277,8b8970ddb73e7ca789006de9b09f4520e57c3775554a540edcb94a6b28e9e85f
user36,650e0cc470be722b9c6db14aa26bd885,e7e47bd605705ef8013126cb822ff48cdbf3086764450dddf9d808ea61764ca0
user37,019a02473f8c191f04675c97db34e681,bc89c9bee0fbea81306d3d0226699f001027a426a8dc39c75c1a5730a09a8e42
user38,ad0238e31138747a74577e56d77c74a4,8d916db280822dedc988bf2d82826d6c59c52331cf33ee9f7edfca56a9e3f644
user39,ecd17fbaeb4a737bea74decc558e8c0e,07b3aae5d88d45a4b2a2436f1951a1592499fe624134783aac7dd8f6d42d9100
user40,c1bc36481fd7de062e2c5a835223e9e9,7d650ad7cea737a3b0b5c5efbc50a61824fc5f460cc638d258d6b70fdc5eb1cf
user41,031396656f044d04196ba72602f8c684,fb0858b3c3e4be39b8870cf1a764b0e557779cf7cd09b9074c659af0c6862504
user42,7bdf1439b601ac4314202b48384fefff,83b2aaf975712ba63ffed3767a6eede104ffd5d4f95482d5277225b8654504ed
user43,8fac11bbca04fcf29765dc96e31c6acc,be488ab3dd43d8a39a666ccadff948c3088a8ee8d04cef1e48740953bad7ea77
user44,63af4201f727d2eb1fe589b25803d9b3,73166ba54cfa35253fd9d4a6c25776bad22ddfee180eee9ea6e365d96ef7e357
user45,1259ef8d1f404c5cff54110890c977e1,0ff54dfe30ae7f653973ac6f1b49979c1f6f0931d6cc71543341bb8bb74b3769
user46,b3243f97f152594a96b67bd858c35662,cce9ab7c1886ddbae5b4b92b83060164cb1a29aef28ccf9881e586fea554c0c2
user47,f565bf2e05f25699b1b50b3416e4a0b8,7d76632bc308acbe9d17c509c5231d32aff0db699c0ee767a89f82fe426ee22d
user48,4aa7bad135583ec7c505ed8fb92c8f67,ab15ad71f339b791f3ae44cc4c1068143cfb15b22f14ee1da7adc7a95a12866b
user49,8972277fe80af264d67d1e81b02052bb,6c2275a50bc6617aa0932daf8f16daaf0c17dded7378de9a2945c9fde2ca71e3
user50,c75100d03d895517c1272ac0bb567994,288b88e75c7380de8af89943c5bdef47e95a6f19d11ed4323dc5e26df9916043
