username,hashed
user01,201db185a08163becd9e8650a27d98fbc18e84b5222f590d8126b23e380c9bc0
user02,f1db4e4890244da531a96d1b11961eb724c5d98d7caf9b1d977f5bd76a4f25ce
user03,998e6b66cd6641db25fef427618f60c04d1e8289e5d48f748bfcf01403c18acc
user04,a386cd2239e62052701ef8c3bd64bc93ab9cc339955072fe21c9022dd1952462
user05,c49184e147dfd0b4d390818b614b217a4025e609c26abd307cb8c6ef7d67d196
user06,53f665d5e0052b664ec00184b525bffb61f52c6cfde4a84c27bd758b2f490f00
user07,7e8d44ea19a5a20f6055b105998a12dd966b36b2ecdcaef04beae650c0ca3d89
user08,a4f0ef2d532720e8bdaee8294f15bed303102bd58357834dfba671e909bf07e0
user09,daaad6e5604e8e17bd9f108d91e26afe6281dac8fda0091040a7a6d7bd9b43b5
user10,b2a03702c4218b7babd570bfa32fc69d842d25c9e2c9e8047bcad447af06ba8e
user11,df2191783c6f13274b7c54330a370d0480e82a8a54069b69de73cbfa69f8ea08
user12,937e8d5fbb48bd4949536cd65b8d35c426b80d2f830c5c308e2cdec422ae2244
user13,11d4ddc357e0822968dbfd226b6e1c2aac018d076a54da4f65e1dc8180684ac3
user14,25f43b1486ad95a1398e3eeb3d83bc4010015fcc9bedb35b432e00298d5021f7
user15,1df1854015e31ca286d015345eaff29a6c6073f70984a3a746823d4cac16b075
user16,b6880a2a2a297214038b0aa69bc8653ed5fee547e8ae7311fd412bf0248265a9
user17,40f2261fe5449414e3edaed143143911c3a8cef7399b847b8d4562d0761acb98
user18,bd94dcda26fccb4e68d6a31f9b5aac0b571ae266d822620e901ef7ebe3a11d4f
user19,0b14d501a594442a01c6859541bcb3e8164d183d32937b851835442f69d5c94e
user20,3c0b6c7103ce6284d5aa519cf4911112787395e8a45a0b0d6cea1b93f5f3ed5d
user21,6382deaf1f5dc6e792b76db4a4a7bf2ba468884e000b25e7928e621e27fb23cb
user22,1c8bfe8f801d79745c4631d09fff36c82aa37fc4cce4fc946683d7b336b63032
user23,a9c43be948c5cabd56ef2bacffb77cdaa5eec49dd5eb0cc4129cf3eda5f0e74c
user24,000c285457fc971f862a79b786476c78812c8897063c6fa9c045f579a3b2d63f
user25,0bb09d80600eec3eb9d7793a6f859bedde2a2d83899b70bd78e961ed674b32f4
user26,73cd1b16c4fb83061ad18a0b29b9643a68d4640075a466dc9e51682f84a847f5
user27,1532e76dbe9d43d0dea98c331ca5ae8a65c5e8e8b99d3e2a42ae989356f6242a
user28,e4ad93ca07acb8d908a3aa41e920ea4f4ef4f26e7f86cf8291c5db289780a5ae
user29,203b70b5ae883932161bbd0bded9357e763e63afce98b16230be33f0b94c2cc5
user30,74fca0325b5fdb3a34badb40a2581cfbd5344187e8d3432952a5abc0929c1246
user31,8d969eef6ecad3c29a3a629280e686cf0c3f5d5a86aff3ca12020c923adc6c92
user32,91b4d142823f7d20c5f08df69122de43f35f057a988d9619f6d3138485c9a203
user33,88b1cca59060320e5e5662a7da636884eb7580f4dc7e22cfb6f88b8f99045a71
user34,72ab994fa2eb426c051ef59cad617750bfe06d7cf6311285ff79c19c32afd236
user35,a01edad91c00abe7be5b72b5e36bf4ce3c6f26e8bce3340eba365642813ab8b6
user36,fc613b4dfd6736a7bd268c8a0e74ed0d1c04a959f59dd74ef2874983fd443fc9
user37,27cc6994fc1c01ce6659c6bddca9b69c4c6a9418065e612c69d110b3f7b11f8a
user38,13b1f7ec5beaefc781e43a3b344371cd49923a8a05edd71844b92f56f6a08d38
user39,85738f8f9a7f1b04b5329c590ebcb9e425925c6d0984089c43a022de4f19c281
user40,e48178d0006f5a9534ca5cd49e0babc8d76ae0cbed46a5e74bb9d1f318550973
user41,3de9273e88d1153033fccc7574cc168a51022a55738bff6727ae581e8c19380f
user42,1b4c9133da73a711322404314402765ab0d23fd362a167d6f0c65bb215113d94
user43,5509840d0873adb0405588821197a8634501293486c601ca51e14063abe25d06
user44,e07f52f053d174ec534639d11029f05af40308a5438dcb7243efb06aed9fdff2
user45,d1751b566a5ff4faa780fbe5c68fa6b370b692f9ff26917c3816a53d5aebc0d3
user46,cbfe612b82aa11213ae75e1f2b6ee145d5d87fd265478729d5eb59ccea8b3087
user47,ef92b778bafe771e89245b89ecbc08a44a4e166c06659911881f383d4473e94f
user48,d82494f05d6917ba02f7aaa29689ccb444bb73f20380876cb05d1f37537b7892
user49,9b0eb22aef89516d6fb4b31ccf008a68abe0d10a3fc606316389613eccf96854
user50,d0cbbdd7f81116df0cd38638decb4b0f7429699cf982ced3c3f54429a71d18a4
