username,salt,hashed
user01,d62137954e585e3109dd1f4017e29448,e7f26ff6b912905181887e5cbe936efbba78404e771b412c1ea6ae6522096e07
user02,c2407037d5bd08593187d68b0979667d,d58cb2d2f34caa91ff1ae4c142ffd4ea96d3fd0e09a6f007491556c91e0dc0f8
user03,72426f3cfb44f561b6f1f4f80a1def7c,f8616278baf805ba6ffafeeda9db721f62816a07ddb4fd0f17aa53598294fb9c
user04,8bf504b2321440f2220735852e8035be,7fcf12f8bfb465b10c5dc74dbea0ce7192b391c83e30e9e7c299d6e089b60e6c
user05,ef4583714d9228815f5db050c7f48402,6ad8cc5ccf6826b42a6ab8c1f6071977ca16d229a1ed104f2af75e27f2fb6a56
user06,7d8603f69649ef4fc036c7f01b5aea13,00f28175bbe916b8d2eac222e8a23cc5d01ffd1015c8427699f8b07fedc79491
user07,3520f91080c39456a43fb3f857bf8048,bbca0bb9d9ecd66de907108ab77132e952406175298bf565a6ec251cd9af12f3
user08,c2169d223d9ed6e227a5b85f32e67c15,7e7d520d7e5d421c9018f0d6ecf0d8392c90d5264528a381ef00bc855c6e6c87
user09,957445942240a9e9eff0ecbae9ea70ad,aee3255d86c157c63261eaa5c134c62653c2a3a1e854286abcd787fa318f25f2
user10,ab764e4ee42afcc34f5d72df9b5225fe,68d030043dc99cbd68c61b6d97986cf22ac2dce771d8b580dc9b4054203ff378
user11,a8311350eab3e66ea11b55802c973813,12cc49d2979b66ab3f065ab8eea1cc65fb36943ea333366f41f461440e9e7a38
user12,4e7b36106c01dd7d5a2d78137aaf1ade,47d956170b45a249dc15e6f66ee6f526b45a878bb992aa00caa6bc8d17fd7a51
user13,524ece0f868f9540855899eeefe34776,f95009e5ab52b8373205c4fc1e4c9a854c37534fe52f4c4a76158ffd8cdcd10d
user14,329e6926deb85acb7a8bde88c4ab8286,8f5381f7b19c955171c3afda39e9eac6f79434c290ca104852fbc260612c0c88
user15,3ecd5e7adda8a82857e3ded514584966,6d777ff1b5a04eabfbfa5c20bb3958c78fa9413f95508e44c953bdfeae843a94
user16,e85d10d8d1b3516ab9d59e8874fb6b11,db8fb1b0e5287f690579daa229f340ed5157fb44cf455d7978a8fe006df9b320
user17,d11edde4a2b9d25271d616c865d28b7d,13ee26d270ed8a66c2355b3b6eda5541bf8351dcdaf12b35a3cc04c5887308f2
user18,fa5003a922c5a9fd83280668e9b198c5,d90d44f8ec7be59242fd96118b223cb5dcb5a208d17c45aea046b2edd324f464
user19,1433cebaf1fb882fa24845af6f03e408,c5662af14cd3bb744915d086ab3a19e06a0d35c0d5d9216788ab1bd68162c3cf
user20,c32208a25fc4654f7e22aeb224ce880c,5b8b48541a682a8f457fe55d542af02a1131676ac541d6ed1fb99ba77d804253
user21,767ef2a434bda644c7d5bc4912381045,0faf5a73c68a4bb8f2ba5fdeae2718dc0b87d5be638c4a4e5412bcc59ae0c19a
user22,ec613d1a50eac2101ce0b44453460728,7011bb59b5250607cd10c11d4a41919b118a2347f798174dd7f80ebf38fa752b
user23,ae72b833c9d05ad77264cf869eb0bcd8,f79d88a95f09d3ec070b71ce3cfbbbf83bcac0e9b9d0178d81b7ee9b6a2d8b4d
user24,cc832f4946f9209f099e5163a2c660c9,4d5ae68f30af680805a5cb453920d66f72ca816143ac058337762c127b2beedd
user25,fbad32668b433e19129d2744771be1e5,1af8ae91cbd97e1c5fee2b180db254d63a3b9dabcf4ce13d1e6aaf427869fcef
user26,bebbb5911fe24b28b02e473e7ebf8f92,36a91f2516127e30c56cf6f82a3309f6166c4b71c1d0a80daf3cabc52daa0c57
user27,6b8d6c8558392f469e65fbddab8afae8,394ffaa55cafb8b554b737384acbee5d396f991d9e81068dbe239a21f602e9d1
user28,6f4a7b16ce34aecc268ff12b2dc216b7,e9df9c5513030ca16f12c2533183f33976d2b25e2f6892555f1df6623fece2ff
user29,7e4ebee04831a7bc984b5ffde4964a52,c9133049ccac9d5e2769ca4de821c52509036efbb25ab8bcc0c3c5fb8daedf52
user30,6b0fccb4e4e265cc352d20cb98aecd35,af4b3687fabe2b88dada7d87b43cbb174f71fc62f4471b808a1f0bd7ca32e879
user31,d0a480cd050aa0f20b6aa73a33c24a83,a7812f58fb95b02b049f92420932a85b71718d1a5fcef2a364039f60d8512b85
user32,caa73457e8a8f88d10a27d94ad9958c8,7dfb7ba2dd5a99badbd254d4ca1ce0ee366fec071a52dae9956dc526633f8eee
user33,1a4a66773e06b28cf7b67efa5f5948b4,efaefb8e2563183aaee3ac80ee761c6415e2ee22ff4395221deb93768ec19c21
user34,18e8a7037d53779b94c25949854e6808,e1d22c58ccc9766d7843f694ef5d228e1af148a934e7768c06883054aff9baa4
user35,5491a1221253ecfb39a9ac0ee8bd3d25,20514a37c4dca9fdbabb710e1625e7557671ab4613420310ea8980e2262610dd
user36,cca1f9107bce5206d66527863f157955,7703e87de0db08b4720787d0d52cbc8b09f3c36bb83276c9d0f0bfc806b9aa6c
user37,9f08506ef5142e355565b56f2947b5b1,68dca4d434fad1d0667a015ef26b79404e14bf9c268fa2c8e7dc395ac93ddc5d
user38,ac4274549886e93086c60b18ef6f3be7,938b4f8b7eb0b9823cec0ebef79e4376e9af1103ae80a5a9afd29f1c41676759
user39,d6c2750ff51532e4e90350d8f68aa2ed,f56976dfcae4e4e0055bfb0adc7345c568eec73cfd27fe5b400cd2e81774eeb6
user40,236df6f21b02ffc8fff24c565731ac1a,a5e56e7c540c2b539189b562e07fa5a58d603e2a2b122e6952260ce791b8ada4
user41,b1b40dfbb94fdd1e7ecde6ed3f731174,95b6421f132d2dcb38815b8c8b37b767d363e7f1a783ea269ec68814c7435a95
user42,0d7ab9e68d55ace042a96fd1d5348123,62bf4a554f02ba447dfe347e3cd176aa64daa9b515282b4c294078bacac38533
user43,6986fb34df6789c7e55bc54e0a4bccea,e3a4dab8b22fdec28bfd0f107a498eb19856bb1b1c2e6e5667c62b54fa655456
user44,b0b4443d3940215982fbbbbb91b9e9a5,cebb11176eb3f5a7517fbe231fa4fb80347006e9b13714960a680b35443f20cc
user45,10d02cfbb1bf023ef02723376ea8324d,213851d34215b0a895f4486e8cafdd8ed9341920d1bf89ace056c1ba55b77b18
user46,35e8c61d9d416150e8ef4cd65830d798,74e60bf9c073f22484c1bd36654b2dc63c2da52699f75c00f4858ac7ad8cd019
user47,752ee035d4f5315860e6da05ce323310,16fa8b2e04e320dce0407cf0ef66bc913fd01a950a78b07c880e05392617fa86
user48,c9964fe285c4c9db39d627b0ce545162,91e1ff53eac629ff63e3cbb933e44f1fbdac1c85e72d325704bddce4d2d03b81
user49,1760ca50497fabcc09bffc140fc76a39,d5489810c68ffe15e178e8427a91f4630f75c75d245c5e4f5acd4af9047c17a0
user50,ccca871f0c19b1cd8c514a6bcd66eb7a,b6de9324f424935b871a7a4de3b9e76b657f4c54a8fdb24fc97fba7d247413e2
